{"flutter":{"platforms":{"android":{"default":{"projectId":"georoad-app-bda15","appId":"1:117609645216:android:551b7f3fe3b55bb79875c5","fileOutput":"android/app/google-services.json"}},"dart":{"lib/firebase_options.dart":{"projectId":"georoad-app-bda15","configurations":{"android":"1:117609645216:android:551b7f3fe3b55bb79875c5","ios":"1:117609645216:ios:d35142b426fb7edb9875c5","macos":"1:117609645216:ios:d35142b426fb7edb9875c5","web":"1:117609645216:web:d19ea084c87da5e09875c5","windows":"1:117609645216:web:49f204553712027b9875c5"}}}}}}