{
  "project_info": {
    "project_number": "117609645216",
    "project_id": "georoad-app-bda15",
    "storage_bucket": "georoad-app-bda15.firebasestorage.app"
  },
  "client": [
    {
      "client_info": {
        "mobilesdk_app_id": "1:117609645216:android:551b7f3fe3b55bb79875c5",
        "android_client_info": {
          "package_name": "com.example.georoad"
        }
      },
      "oauth_client": [],
      "api_key": [
        {
          "current_key": "AIzaSyDgWugdTUt3Xu2Qb4RfvhKd-OdaayIWBGM"
        }
      ],
      "services": {
        "appinvite_service": {
          "other_platform_oauth_client": []
        }
      }
    }
  ],
  "configuration_version": "1"
}